year	day	day_noy	dd_t	d_t
2023	2023-01-01	0-01-01	2.7989482008202486	2.67936892049215
2023	2023-01-02	0-01-02	2.8617182459102235	1.717030947546134
2023	2023-01-03	0-01-03	2.9213033223714717	3.752781993422883
2023	2023-01-04	0-01-04	2.9777678476904805	3.786660708614289
2023	2023-01-05	0-01-05	3.031176239353733	4.81870574361224
2023	2023-01-06	0-01-06	3.0815929148477177	1.8489557489086303
2023	2023-01-07	0-01-07	3.129082291658918	2.8774493749953507
2023	2023-01-08	0-01-08	3.17370878727382	2.904225272364292
2023	2023-01-09	0-01-09	3.2155368191789084	2.929322091507345
2023	2023-01-10	0-01-10	3.2546308048606702	1.952778482916402
2023	2023-01-11	0-01-11	3.2910551618055903	2.974633097083354
2023	2023-01-12	0-01-12	3.200640292679707	2.920384175607824
2023	2023-01-13	0-01-13	3.231918644610401	2.9391511867662405
2023	2023-01-14	0-01-14	3.260720620263708	1.9564323721582249
2023	2023-01-15	0-01-15	3.2871106371261165	1.97226638227567
2023	2023-01-16	0-01-16	3.31115311268411	2.9866918676104657
2023	2023-01-17	0-01-17	3.332912464424176	1.9997474786545055
2023	2023-01-18	0-01-18	3.3524531098327977	4.011471865899678
2023	2023-01-19	0-01-19	3.4940734812169083	3.096444088730145
2023	2023-01-20	0-01-20	3.509369966422101	3.1056219798532605
2023	2023-01-21	0-01-21	3.522640997755306	3.1135845986531834
2023	2023-01-22	0-01-22	3.5339509927030113	6.120370595621806
2023	2023-01-23	0-01-23	3.5433643687517	2.1260186212510197
2023	2023-01-24	0-01-24	3.550945543387859	3.1305673260327156
2023	2023-01-25	0-01-25	3.556758934097973	2.1340553604587837
2023	2023-01-26	0-01-26	3.5608689583685287	2.1365213750211174
2023	2023-01-27	0-01-27	3.5633408759462197	4.138004525567732
2023	2023-01-28	0-01-28	3.5642496355854156	2.1385497813512493
2023	2023-01-29	0-01-29	3.5636851639536093	4.138211098372166
2023	2023-01-30	0-01-30	3.5617524367445217	3.137051462046713
2023	2023-01-31	0-01-31	3.558571478678102	2.135142887206861
2023	2023-02-01	0-02-01	3.5542773635005247	3.132566418100315
2023	2023-02-02	0-02-02	3.549020213984195	2.1294121283905167
2023	2023-02-03	0-02-03	3.542964359667532	3.1257786158005194
2023	2023-02-04	0-02-04	3.536279490107514	2.1217676940645083
2023	2023-02-05	0-02-05	3.5291353659742173	4.11748121958453
2023	2023-02-06	0-02-06	3.521701747937721	4.113021048762633
2023	2023-02-07	0-02-07	3.5141483966681033	3.1084890380008616
2023	2023-02-08	0-02-08	3.5066450728354424	4.103987043701265
2023	2023-02-09	0-02-09	3.499361537109817	2.09961692226589
2023	2023-02-10	0-02-10	3.4924675501613045	4.095480530096783
2023	2023-02-11	0-02-11	3.486132872659984	2.0916797235959903
2023	2023-02-12	0-02-12	3.497941713747919	3.098765028248751
2023	2023-02-13	0-02-13	3.4932349371512164	7.0959409622907295
2023	2023-02-14	0-02-14	3.489596752011939	6.093758051207164
2023	2023-02-15	0-02-15	3.4871969190001666	5.0923181514001
2023	2023-02-16	0-02-16	3.4862051987859775	4.091723119271586
2023	2023-02-17	0-02-17	3.4867913520394485	2.092074811223669
2023	2023-02-18	0-02-18	3.4891251394306595	2.0934750836583955
2023	2023-02-19	0-02-19	3.4759618731577007	3.085577123894621
2023	2023-02-20	0-02-20	3.4823002108346253	2.089380126500775
2023	2023-02-21	0-02-21	3.4908954646595225	5.0945372787957135
2023	2023-02-22	0-02-22	3.5019173953024736	2.101150437181484
2023	2023-02-23	0-02-23	3.5155357634335536	3.109321458060132
2023	2023-02-24	0-02-24	3.531920329722843	2.1191521978337056
2023	2023-02-25	0-02-25	3.5512392915118913	6.130743574907134
2023	2023-02-26	0-02-26	3.573625955034717	4.14417557302083
2023	2023-02-27	0-02-27	3.5991468057821296	2.159488083469278
2023	2023-02-28	0-02-28	3.627800224962873	3.1766801349777234
2023	2023-03-01	0-03-01	3.6595164895036287	4.195709893702177
2023	2023-03-02	0-03-02	3.694157772049012	4.216494663229407
2023	2023-03-03	0-03-03	3.731518140961577	2.238910884576946
2023	2023-03-04	0-03-04	3.771325123650339	5.262795074190203
2023	2023-03-05	0-03-05	3.813273034349782	5.287963820609869
2023	2023-03-06	0-03-06	3.857054903755536	4.314232942253321
2023	2023-03-07	0-03-07	3.902363762563231	5.3414182575379385
2023	2023-03-08	0-03-08	3.9488926414684977	4.369335584881099
2023	2023-03-09	0-03-09	3.996334571166964	4.397800742700179
2023	2023-03-10	0-03-10	4.044382582354262	4.426629549412557
2023	2023-03-11	0-03-11	4.09272970572602	2.455637823435612
2023	2023-03-12	0-03-12	4.047037849831505	3.428222709898903
2023	2023-03-13	0-03-13	4.095062289659075	2.457037373795445
2023	2023-03-14	0-03-14	4.142464933757995	2.485478960254797
2023	2023-03-15	0-03-15	4.188938812823897	3.5133632876943386
2023	2023-03-16	0-03-16	4.234176957552409	3.540506174531445
2023	2023-03-17	0-03-17	4.277872398639163	4.566723439183498
2023	2023-03-18	0-03-18	4.3197181667797855	3.591830900067871
2023	2023-03-19	0-03-19	4.453438414816276	5.672063048889766
2023	2023-03-20	0-03-20	4.4906639291515305	7.694398357490918
2023	2023-03-21	0-03-21	4.525118862627546	5.715071317576528
2023	2023-03-22	0-03-22	4.556496245939952	3.7338977475639714
2023	2023-03-23	0-03-23	4.584489109784378	4.750693465870627
2023	2023-03-24	0-03-24	4.608790484856455	3.7652742909138737
2023	2023-03-25	0-03-25	4.629093401851812	2.7774560411110873
2023	2023-03-26	0-03-26	4.645090891466081	6.7870545348796485
2023	2023-03-27	0-03-27	4.656475984394889	2.793885590636933
2023	2023-03-28	0-03-28	4.662941711333867	5.79776502680032
2023	2023-03-29	0-03-29	4.66418129207481	5.798508775244886
2023	2023-03-30	0-03-30	4.6599229199112875	5.795953751946772
2023	2023-03-31	0-03-31	4.650004914370072	4.7900029486220435
2023	2023-04-01	0-04-01	4.634385519826698	5.780631311896019
2023	2023-04-02	0-04-02	4.613142905505459	4.7678857433032755
2023	2023-04-03	0-04-03	4.586475165479403	3.751885099287642
2023	2023-04-04	0-04-04	4.554700318670341	3.732820191202205
2023	2023-04-05	0-04-05	4.518256119752676	4.710953671851605
2023	2023-04-06	0-04-06	4.477665274747795	3.686599164848677
2023	2023-04-07	0-04-07	4.433460288292638	4.660076172975582
2023	2023-04-08	0-04-08	4.386173665024146	2.6317041990144876
2023	2023-04-09	0-04-09	4.336337909579258	4.6018027457475545
2023	2023-04-10	0-04-10	4.284485526594913	4.570691315956948
2023	2023-04-11	0-04-11	4.231149020708053	2.538689412424832
2023	2023-04-12	0-04-12	4.270922931089225	4.562553758653535
2023	2023-04-13	0-04-13	4.216215693308153	6.5297294159848915
2023	2023-04-14	0-04-14	4.161621846535385	2.4969731079212307
2023	2023-04-15	0-04-15	4.107673895407862	2.464604337244717
2023	2023-04-16	0-04-16	4.054904344562521	5.432942606737512
2023	2023-04-17	0-04-17	4.003845698636305	4.402307419181783
2023	2023-04-18	0-04-18	3.955030462266152	3.373018277359691
2023	2023-04-19	0-04-19	3.814929105555396	5.2889574633332375
2023	2023-04-20	0-04-20	3.772198202208192	2.263318921324915
2023	2023-04-21	0-04-21	3.7333082223278704	3.2399849333967223
2023	2023-04-22	0-04-22	3.698791670551374	4.219275002330824
2023	2023-04-23	0-04-23	3.66918105151564	6.201508630909384
2023	2023-04-24	0-04-24	3.64500886985761	3.187005321914566
2023	2023-04-25	0-04-25	3.626807630214224	2.1760845781285343
2023	2023-04-26	0-04-26	3.6151098372224224	6.169065902333453
2023	2023-04-27	0-04-27	3.610447995519143	2.166268797311486
2023	2023-04-28	0-04-28	3.613354609741327	5.1680127658447965
2023	2023-04-29	0-04-29	3.624362184525915	4.174617310715549
2023	2023-04-30	0-04-30	3.64397902348215	5.18638741408929
2023	2023-05-01	0-05-01	3.6725762811049494	3.20354576866297
2023	2023-05-02	0-05-02	3.710355038555756	3.226213023133454
2023	2023-05-03	0-05-03	3.757346299827877	4.2544077798967255
2023	2023-05-04	0-05-04	3.813410991746472	4.2880465950478825
2023	2023-05-05	0-05-05	3.878239963968564	3.3269439783811383
2023	2023-05-06	0-05-06	3.951353988983034	3.37081239338982
2023	2023-05-07	0-05-07	4.032127963138315	4.419276777882989
2023	2023-05-08	0-05-08	4.11990385472903	3.4719423128374176
2023	2023-05-09	0-05-09	4.214023628215129	2.5284141769290773
2023	2023-05-10	0-05-10	4.313829248056565	3.588297548833939
2023	2023-05-11	0-05-11	4.418662678713288	4.651197607227973
2023	2023-05-12	0-05-12	4.3620296932158364	2.617217815929502
2023	2023-05-13	0-05-13	4.474944638882988	5.684966783329793
2023	2023-05-14	0-05-14	4.590913288745281	6.754547973247169
2023	2023-05-15	0-05-15	4.709277607262668	5.825566564357601
2023	2023-05-16	0-05-16	4.829379558895099	4.89762773533706
2023	2023-05-17	0-05-17	4.950561108102527	4.970336664861517
2023	2023-05-18	0-05-18	5.072164219344901	8.04329853160694
2023	2023-05-19	0-05-19	5.359367048511588	5.215620229106953
2023	2023-05-20	0-05-20	5.479839177203711	5.287903506322227
2023	2023-05-21	0-05-21	5.598758761310636	7.359255256786382
2023	2023-05-22	0-05-22	5.715467765292314	3.4292806591753884
2023	2023-05-23	0-05-23	5.829308153608696	4.497584892165218
2023	2023-05-24	0-05-24	5.939621890719734	6.563773134431841
2023	2023-05-25	0-05-25	6.045750941085379	7.627450564651228
2023	2023-05-26	0-05-26	6.147037269165584	6.68822236149935
2023	2023-05-27	0-05-27	6.242822839420298	7.745693703652179
2023	2023-05-28	0-05-28	6.332449616309474	7.799469769785684
2023	2023-05-29	0-05-29	6.415259564293062	5.849155738575837
2023	2023-05-30	0-05-30	6.490594647831014	3.894356788698608
2023	2023-05-31	0-05-31	6.557796831383283	4.93467809882997
2023	2023-06-01	0-06-01	6.616215312433209	5.969729187459925
2023	2023-06-02	0-06-02	6.66529800734766	4.999178804408595
2023	2023-06-03	0-06-03	6.704654290647617	8.02279257438857
2023	2023-06-04	0-06-04	6.734056221051094	6.040433732630656
2023	2023-06-05	0-06-05	6.753438541473131	5.052063124883879
2023	2023-06-06	0-06-06	6.7628986790258026	7.057739207415482
2023	2023-06-07	0-06-07	6.762696745018207	7.057618047010925
2023	2023-06-08	0-06-08	6.753248301933087	4.0519489811598515
2023	2023-06-09	0-06-09	6.735032877566685	5.041019726540011
2023	2023-06-10	0-06-10	6.708531225758162	6.025118735454897
2023	2023-06-11	0-06-11	6.674224100346677	7.004534460208006
2023	2023-06-12	0-06-12	6.6717196262588345	4.0030317757553
2023	2023-06-13	0-06-13	6.623243815158902	3.9739462890953408
2023	2023-06-14	0-06-14	6.568404791973482	6.941042875184088
2023	2023-06-15	0-06-15	6.5076833105417355	7.904609986325041
2023	2023-06-16	0-06-16	6.4415601247028205	7.864936074821692
2023	2023-06-17	0-06-17	6.370515988295897	7.822309592977538
2023	2023-06-18	0-06-18	6.295031655160122	3.777018993096074
2023	2023-06-19	0-06-19	6.176460508047209	4.705876304828325
2023	2023-06-20	0-06-20	6.093538042971211	7.6561228257827265
2023	2023-06-21	0-06-21	6.007617642683838	6.604570585610302
2023	2023-06-22	0-06-22	5.919180061024252	7.551508036614552
2023	2023-06-23	0-06-23	5.82870605183161	7.497223631098965
2023	2023-06-24	0-06-24	5.73667636894507	4.442005821367042
2023	2023-06-25	0-06-25	5.643571766203792	5.386143059722275
2023	2023-06-26	0-06-26	5.5498729974469345	7.32992379846816
2023	2023-06-27	0-06-27	5.4560608165136575	3.2736364899081942
2023	2023-06-28	0-06-28	5.362615977243118	5.217569586345871
2023	2023-06-29	0-06-29	5.270019233474477	3.162011540084686
2023	2023-06-30	0-06-30	5.178751339046891	5.107250803428135
2023	2023-07-01	0-07-01	5.089293047799522	5.053575828679714
2023	2023-07-02	0-07-02	5.0021245883247065	4.001274752994824
2023	2023-07-03	0-07-03	4.917702737969	2.9506216427813996
2023	2023-07-04	0-07-04	4.836429503728808	3.901857702237285
2023	2023-07-05	0-07-05	4.758649867005861	4.855189920203516
2023	2023-07-06	0-07-06	4.684651783607212	5.810791070164327
2023	2023-07-07	0-07-07	4.614666183745235	4.768799710247141
2023	2023-07-08	0-07-08	4.548866972037631	3.729320183222579
2023	2023-07-09	0-07-09	4.487371552754239	2.692422931652543
2023	2023-07-10	0-07-10	4.4302637558160125	2.6581582534896073
2023	2023-07-11	0-07-11	4.377625155899367	3.626575093539621
2023	2023-07-12	0-07-12	4.413924007269593	3.648354404361755
2023	2023-07-13	0-07-13	4.370468525425374	6.622281115255224
2023	2023-07-14	0-07-14	4.331726964632001	2.5990361787792
2023	2023-07-15	0-07-15	4.29778089956589	3.5786685397395335
2023	2023-07-16	0-07-16	4.268711904903462	3.5612271429420774
2023	2023-07-17	0-07-17	4.244601555321138	6.546760933192683
2023	2023-07-18	0-07-18	4.225531425495337	5.535318855297202
2023	2023-07-19	0-07-19	4.127196410513614	4.476317846308168
2023	2023-07-20	0-07-20	4.118451444230118	6.471070866538071
2023	2023-07-21	0-07-21	4.114991421732406	7.468994853039444
2023	2023-07-22	0-07-22	4.116897917696897	5.470138750618138
2023	2023-07-23	0-07-23	4.124252506800011	5.474551504080006
2023	2023-07-24	0-07-24	4.137136763718168	2.4822820582309006
2023	2023-07-25	0-07-25	4.155632263127787	4.493379357876672
2023	2023-07-26	0-07-26	4.179820579705289	5.507892347823174
2023	2023-07-27	0-07-27	4.209783288127094	3.525869972876256
2023	2023-07-28	0-07-28	4.245601963069622	6.547361177841773
2023	2023-07-29	0-07-29	4.287358179209292	4.572414907525575
2023	2023-07-30	0-07-30	4.335133511222525	2.601080106733515
2023	2023-07-31	0-07-31	4.389009533785739	3.633405720271443
2023	2023-08-01	0-08-01	4.449067821575357	6.669440692945214
2023	2023-08-02	0-08-02	4.515389949267797	6.709233969560678
2023	2023-08-03	0-08-03	4.588057484187727	4.752834490512637
2023	2023-08-04	0-08-04	4.667131133358005	5.800278680014803
2023	2023-08-05	0-08-05	4.752584246823402	2.8515505480940413
2023	2023-08-06	0-08-06	4.844289591812638	5.9065737550875825
2023	2023-08-07	0-08-07	4.942019352738377	2.965211611643026
2023	2023-08-08	0-08-08	5.045445131197231	7.027267078718339
2023	2023-08-09	0-08-09	5.154137945969755	4.092482767581853
2023	2023-08-10	0-08-10	5.267568240372206	6.160540944223324
2023	2023-08-11	0-08-11	5.385126735206597	8.231076041123957
2023	2023-08-12	0-08-12	5.356855400019294	4.214113240011576
2023	2023-08-13	0-08-13	5.480802780609691	5.288481668365815
2023	2023-08-14	0-08-14	5.607010846524156	6.364206507914494
2023	2023-08-15	0-08-15	5.734857092726731	6.440914255636038
2023	2023-08-16	0-08-16	5.863719014181458	3.518231408508875
2023	2023-08-17	0-08-17	5.992974105852382	9.595784463511428
2023	2023-08-18	0-08-18	6.121999862703543	4.673199917622126
2023	2023-08-19	0-08-19	6.399509305116661	4.839705583069996
2023	2023-08-20	0-08-20	6.526208877220429	8.915725326332257
2023	2023-08-21	0-08-21	6.650811599396563	4.990486959637938
2023	2023-08-22	0-08-22	6.772694966609106	8.063616979965463
2023	2023-08-23	0-08-23	6.891236473822101	7.134741884293261
2023	2023-08-24	0-08-24	7.005813615999592	4.203488169599755
2023	2023-08-25	0-08-25	7.11580388810562	7.2694823328633715
2023	2023-08-26	0-08-26	7.220584785104228	6.332350871062537
2023	2023-08-27	0-08-27	7.31953380195946	5.391720281175676
2023	2023-08-28	0-08-28	7.412028433635356	10.447217060181211
2023	2023-08-29	0-08-29	7.4974461750959644	6.498467705057578
2023	2023-08-30	0-08-30	7.575164521305322	15.545098712783194
2023	2023-08-31	0-08-31	7.644560967227475	8.586736580336485
2023	2023-09-01	0-09-01	7.705013007826463	8.623007804695877
2023	2023-09-02	0-09-02	7.755898138066333	10.6535388828398
2023	2023-09-03	0-09-03	7.7965938529111245	7.677956311746675
2023	2023-09-04	0-09-04	7.826477647324882	8.695886588394929
2023	2023-09-05	0-09-05	7.844940392021882	8.706964235213128
2023	2023-09-06	0-09-06	7.851494923979878	9.710896954387929
2023	2023-09-07	0-09-07	7.845828805916732	8.707497283550039
2023	2023-09-08	0-09-08	7.827804676487817	13.69668280589269
2023	2023-09-09	0-09-09	7.797460250286036	6.678476150171622
2023	2023-09-10	0-09-10	7.755008317841798	7.653004990705079
2023	2023-09-11	0-09-11	7.70083674562304	6.620502047373824
2023	2023-09-12	0-09-12	7.704535645868371	10.622721387521022
2023	2023-09-13	0-09-13	7.628626603740255	6.577175962244153
2023	2023-09-14	0-09-14	7.542753191348757	9.525651914809254
2023	2023-09-15	0-09-15	7.447518435220548	7.468511061132329
2023	2023-09-16	0-09-16	7.343525361882296	9.406115217129376
2023	2023-09-17	0-09-17	7.231376997860668	9.3388261987164
2023	2023-09-18	0-09-18	7.111676369682335	7.2670058218094
2023	2023-09-19	0-09-19	6.9159859582905625	4.1495915749743375
2023	2023-09-20	0-09-20	6.78298988137882	4.069793928827292
2023	2023-09-21	0-09-21	6.644250619890376	7.986550371934225
2023	2023-09-22	0-09-22	6.500371200351898	5.900222720211138
2023	2023-09-23	0-09-23	6.3519546492900565	3.8111727895740337
2023	2023-09-24	0-09-24	6.199603993231517	9.719762395938911
2023	2023-09-25	0-09-25	6.043922258702951	8.62635335522177
2023	2023-09-26	0-09-26	5.885512472231024	8.531307483338615
2023	2023-09-27	0-09-27	5.724977660342409	6.434986596205445
2023	2023-09-28	0-09-28	5.56292084956377	4.337752509738262
2023	2023-09-29	0-09-29	5.399945066421777	5.239967039853067
2023	2023-09-30	0-09-30	5.236653337443096	4.141992002465857
2023	2023-10-01	0-10-01	5.0736486891544	5.04418921349264
2023	2023-10-02	0-10-02	4.911534148082355	8.946920488849413
2023	2023-10-03	0-10-03	4.750912740753629	3.850547644452177
2023	2023-10-04	0-10-04	4.592387493694892	2.755432496216935
2023	2023-10-05	0-10-05	4.436561433432808	4.661936860059685
2023	2023-10-06	0-10-06	4.284037233638357	4.570422340183014
2023	2023-10-07	0-10-07	4.1354094040865785	3.481245642451947
2023	2023-10-08	0-10-08	3.9912566452037455	4.394753987122247
2023	2023-10-09	0-10-09	3.852141528333904	5.311284917000343
2023	2023-10-10	0-10-10	3.7186104957388793	3.2311662974433277
2023	2023-10-11	0-10-11	3.5911938605982696	4.154716316358962
2023	2023-10-12	0-10-12	3.582520743550479	2.1495124461302875
2023	2023-10-13	0-10-13	3.468859679384302	4.081315807630581
2023	2023-10-14	0-10-14	3.3628160473253152	2.017689628395189
2023	2023-10-15	0-10-15	3.2648799703246234	3.958927982194774
2023	2023-10-16	0-10-16	3.1755415713333264	2.9053249427999956
2023	2023-10-17	0-10-17	3.095290973302526	2.8571745839815152
2023	2023-10-18	0-10-18	3.0246182991833246	3.814770979509994
2023	2023-10-19	0-10-19	2.8518987353857974	3.7111392412314785
2023	2023-10-20	0-10-20	2.8018522779430977	2.6811113667658586
2023	2023-10-21	0-10-21	2.7628541132653015	3.657712467959181
2023	2023-10-22	0-10-22	2.7353943643035112	3.6412366185821066
2023	2023-10-23	0-10-23	2.719963154008828	1.6319778924052966
2023	2023-10-24	0-10-24	2.7170506053323535	4.630230363199412
2023	2023-10-25	0-10-25	2.7271468412251885	1.636288104735113
2023	2023-10-26	0-10-26	2.7507419846384362	2.6504451907830617
2023	2023-10-27	0-10-27	2.788326158523196	4.672995695113918
2023	2023-10-28	0-10-28	2.8403894858305723	1.7042336914983434
2023	2023-10-29	0-10-29	2.907422089511665	2.744453253706999
2023	2023-10-30	0-10-30	2.9899140925175756	1.7939484555105454
2023	2023-10-31	0-10-31	3.0883556177994076	2.853013370679645
2023	2023-11-01	0-11-01	3.20323678830826	6.921942072984956
2023	2023-11-02	0-11-02	3.3350477269952368	3.001028636197142
2023	2023-11-03	0-11-03	3.4842785568114394	2.0905671340868635
2023	2023-11-04	0-11-04	3.651419400707968	5.19085164042478
2023	2023-11-05	0-11-05	3.836960381635924	4.302176228981555
2023	2023-11-06	0-11-06	4.041391622546412	3.424834973527847
2023	2023-11-07	0-11-07	4.265202739523264	2.559121643713959
2023	2023-11-08	0-11-08	4.50877975018243	4.705267850109458
2023	2023-11-09	0-11-09	4.772177169873774	3.863306301924264
2023	2023-11-10	0-11-10	5.0550874987563805	7.033052499253828
2023	2023-11-11	0-11-11	5.35684122179855	3.21410473307913
2023	2023-11-12	0-11-12	5.427509203016969	5.2565055218101815
2023	2023-11-13	0-11-13	5.7634931085200165	5.45809586511201
2023	2023-11-14	0-11-14	6.11414027881007	4.668484167286042
2023	2023-11-15	0-11-15	6.477437243427445	10.886462346056469
2023	2023-11-16	0-11-16	6.851340018987745	7.110804011392647
2023	2023-11-17	0-11-17	7.233804622106575	6.3402827732639455
2023	2023-11-18	0-11-18	7.622787069399536	7.573672241639722
2023	2023-11-19	0-11-19	8.265140983243057	8.959084589945835
2023	2023-11-20	0-11-20	8.661027168731096	13.196616301238658
2023	2023-11-21	0-11-21	9.057299248240074	9.434379548944044
2023	2023-11-22	0-11-22	9.4519132383856	9.67114794303136
2023	2023-11-23	0-11-23	9.842825155783274	12.905695093469964
2023	2023-11-24	0-11-24	10.2279910170487	10.13679461022922
2023	2023-11-25	0-11-25	10.605366838797488	8.363220103278493
2023	2023-11-26	0-11-26	10.97290863764523	7.583745182587138
2023	2023-11-27	0-11-27	11.328572430207537	12.797143458124522
2023	2023-11-28	0-11-28	11.67031423310001	13.002188539860006
2023	2023-11-29	0-11-29	11.99609006293825	13.19765403776295
2023	2023-11-30	0-11-30	12.303855936337872	12.382313561802722
2023	2023-12-01	0-12-01	12.591567869914464	12.55494072194868
2023	2023-12-02	0-12-02	12.857181880283637	11.714309128170182
2023	2023-12-03	0-12-03	13.098653984060997	8.859192390436597
2023	2023-12-04	0-12-04	13.313940197862138	9.988364118717282
2023	2023-12-05	0-12-05	13.500996538302672	16.100597922981603
2023	2023-12-06	0-12-06	13.657779021998202	13.19466741319892
2023	2023-12-07	0-12-07	13.782243665564325	17.269346199338592
2023	2023-12-08	0-12-08	13.872346485616651	17.32340789136999
2023	2023-12-09	0-12-09	13.926128901524434	13.35567734091466
2023	2023-12-10	0-12-10	13.942126313695924	12.365275788217554
2023	2023-12-11	0-12-11	13.919490147471528	14.351694088482915
2023	2023-12-12	0-12-12	13.927886972896465	10.35673218373788
2023	2023-12-13	0-12-13	13.827902112352298	16.296741267411377
2023	2023-12-14	0-12-14	13.690434229109604	13.214260537465762
2023	2023-12-15	0-12-15	13.517098934959527	17.110259360975718
2023	2023-12-16	0-12-16	13.310042485552248	15.986025491331349
2023	2023-12-17	0-12-17	13.071533202111638	15.842919921266985
2023	2023-12-18	0-12-18	12.80383942754208	12.682303656525248
2023	2023-12-19	0-12-19	12.43933040665584	18.463598243993506
2023	2023-12-20	0-12-20	12.12007267854153	12.272043607124916
2023	2023-12-21	0-12-21	11.778435488011407	9.067061292806844
2023	2023-12-22	0-12-22	11.41668717796986	9.850012306781917
2023	2023-12-23	0-12-23	11.03709609132127	17.62225765479276
2023	2023-12-24	0-12-24	10.641930570970016	12.38515834258201
2023	2023-12-25	0-12-25	10.23345895982048	15.140075375892287
2023	2023-12-26	0-12-26	9.813949600777043	7.888369760466226
2023	2023-12-27	0-12-27	9.385670836744088	9.631402502046452
2023	2023-12-28	0-12-28	8.950891010625991	9.370534606375594
2023	2023-12-29	0-12-29	8.511878465327133	7.10712707919628
2023	2023-12-30	0-12-30	8.0709015437519	5.842540926251139
2023	2023-12-31	0-12-31	7.630228588804669	6.5781371532828015
2024	2024-01-01	0-01-01	7.192127943389822	9.315276766033891
2024	2024-01-02	0-01-02	6.758867950411742	7.055320770247045
2024	2024-01-03	0-01-03	6.332716952774802	5.799630171664881
2024	2024-01-04	0-01-04	5.9159432933833935	3.549565976030036
2024	2024-01-05	0-01-05	5.510815315141893	5.306489189085136
2024	2024-01-06	0-01-06	5.119601360954682	5.071760816572809
2024	2024-01-07	0-01-07	4.74456977372614	3.846741864235684
2024	2024-01-08	0-01-08	4.387988896360646	2.6327933378163877
2024	2024-01-09	0-01-09	4.0521270717625875	2.4312762430575523
2024	2024-01-10	0-01-10	3.739230939318669	4.243538563591201
2024	2024-01-11	0-01-11	3.451242330930029	2.0707453985580173
2024	2024-01-12	0-01-12	3.2655067366423833	3.9593040419854297
2024	2024-01-13	0-01-13	3.031141653754394	3.818684992252636
2024	2024-01-14	0-01-14	2.8244779222201233	2.694686753332074
2024	2024-01-15	0-01-15	2.6454321677140644	1.5872593006284386
2024	2024-01-16	0-01-16	2.4934136908648776	3.4960482145189267
2024	2024-01-17	0-01-17	2.3673461707730743	4.420407702463844
2024	2024-01-18	0-01-18	2.265950768978904	2.3595704613873423
2024	2024-01-19	0-01-19	2.1120376638322123	1.2672225982993273
2024	2024-01-20	0-01-20	2.056137701384073	1.233682620830444
2024	2024-01-21	0-01-21	2.021061059984328	2.212636635990597
2024	2024-01-22	0-01-22	2.005524807216567	3.20331488432994
2024	2024-01-23	0-01-23	2.008246010664372	1.204947606398623
2024	2024-01-24	0-01-24	2.027941737911335	2.216765042746801
2024	2024-01-25	0-01-25	2.063329056541039	3.2379974339246234
2024	2024-01-26	0-01-26	2.113125034137073	2.2678750204822435
2024	2024-01-27	0-01-27	2.1760467382830218	1.305628042969813
2024	2024-01-28	0-01-28	2.2508112365624733	1.350486741937484
2024	2024-01-29	0-01-29	2.3361355965590156	4.401681357935409
2024	2024-01-30	0-01-30	2.430736885856234	1.4584421315137406
2024	2024-01-31	0-01-31	2.5333321720377153	6.5199993032226295
2024	2024-02-01	0-02-01	2.6426385226870464	3.585583113612228
2024	2024-02-02	0-02-02	2.757373005387814	1.6544238032326883
2024	2024-02-03	0-02-03	2.8762526877236048	1.7257516126341628
2024	2024-02-04	0-02-04	2.997994637278006	3.798796782366803
2024	2024-02-05	0-02-05	3.1213159216346043	2.8727895529807626
2024	2024-02-06	0-02-06	3.2449336083769857	3.946960165026192
2024	2024-02-07	0-02-07	3.367564765088739	4.020538859053243
2024	2024-02-08	0-02-08	3.4879264593534485	4.0927558756120686
2024	2024-02-09	0-02-09	3.6047357587547033	3.162841455252822
2024	2024-02-10	0-02-10	3.716709730876088	5.230025838525653
2024	2024-02-11	0-02-11	3.822567023685412	3.293540214211247
2024	2024-02-12	0-02-12	3.9074007572792055	3.3444404543675232
2024	2024-02-13	0-02-13	3.997724850662227	4.398634910397336
2024	2024-02-14	0-02-14	4.079144175544354	4.447486505326612
2024	2024-02-15	0-02-15	4.1512498672236395	4.490749920334183
2024	2024-02-16	0-02-16	4.2138954968655575	3.528337298119334
2024	2024-02-17	0-02-17	4.26719707150299	5.560318242901793
2024	2024-02-18	0-02-18	4.31153145365202	3.5869188721912124
2024	2024-02-19	0-02-19	4.361163469567412	3.616698081740447
2024	2024-02-20	0-02-20	4.389199582463126	4.633519749477876
2024	2024-02-21	0-02-21	4.409917738715416	4.6459506432292494
2024	2024-02-22	0-02-22	4.4238720569797705	3.654323234187862
2024	2024-02-23	0-02-23	4.431616655911678	2.6589699935470064
2024	2024-02-24	0-02-24	4.433705654166627	3.660223392499976
2024	2024-02-25	0-02-25	4.430693170400109	2.6584159022400655
2024	2024-02-26	0-02-26	4.42313332326761	3.653879993960566
2024	2024-02-27	0-02-27	4.41158023142462	6.646948138854771
2024	2024-02-28	0-02-28	4.396588013526626	5.637952808115976
2024	2024-02-29	0-02-29	4.378710788229121	4.627226472937473
2024	2024-03-01	0-03-01	4.358502674187591	4.615101604512555
2024	2024-03-02	0-03-02	4.336517790057525	4.601910674034515
2024	2024-03-03	0-03-03	4.313310254494411	3.5879861526966463
2024	2024-03-04	0-03-04	4.2894341861537395	5.5736605116922435
2024	2024-03-05	0-03-05	4.265443703691	4.5592662222146
2024	2024-03-06	0-03-06	4.241892925761679	4.545135755457007
2024	2024-03-07	0-03-07	4.219335971021268	2.531601582612761
2024	2024-03-08	0-03-08	4.198326958125254	3.518996174875152
2024	2024-03-09	0-03-09	4.179420005729126	3.5076520034374754
2024	2024-03-10	0-03-10	4.163169232488373	4.497901539493024
2024	2024-03-11	0-03-11	4.150128757058485	4.490077254235091
2024	2024-03-12	0-03-12	4.140767410559727	3.484460446335836
2024	2024-03-13	0-03-13	4.135778792330552	2.481467275398331
2024	2024-03-14	0-03-14	4.135480303007815	2.481288181804689
2024	2024-03-15	0-03-15	4.140138131911671	5.484082879147003
2024	2024-03-16	0-03-16	4.149881999665143	6.489929199799086
2024	2024-03-17	0-03-17	4.1647051581941135	3.4988230949164683
2024	2024-03-18	0-03-18	4.18446439072733	5.510678634436398
2024	2024-03-19	0-03-19	4.208965299331626	4.525379179598976
2024	2024-03-20	0-03-20	4.2376522491585185	4.542591349495111
2024	2024-03-21	0-03-21	4.27020933536398	3.562125601218388
2024	2024-03-22	0-03-22	4.3062353957235455	4.583741237434127
2024	2024-03-23	0-03-23	4.345329268012755	2.607197560807653
2024	2024-03-24	0-03-24	4.387089790007145	8.632253874004288
2024	2024-03-25	0-03-25	4.431115799482254	6.658669479689352
2024	2024-03-26	0-03-26	4.477006134213618	2.6862036805281706
2024	2024-03-27	0-03-27	4.524359631976776	3.7146157791860657
2024	2024-03-28	0-03-28	4.572775130547264	2.743665078328358
2024	2024-03-29	0-03-29	4.621851467700621	3.773110880620372
2024	2024-03-30	0-03-30	4.6711874812123835	2.8027124887274297
2024	2024-03-31	0-03-31	4.720382008858089	7.832229205314853
2024	2024-04-01	0-04-01	4.769033888413277	2.861420333047966
2024	2024-04-02	0-04-02	4.816741957653482	2.890045174592089
2024	2024-04-03	0-04-03	4.863105054354244	5.917863032612546
2024	2024-04-04	0-04-04	4.907722016291098	2.9446332097746586
2024	2024-04-05	0-04-05	4.950191681239585	4.9701150087437505
2024	2024-04-06	0-04-06	4.990112886975239	5.994067732185143
2024	2024-04-07	0-04-07	5.0270844712736	4.016250682764159
2024	2024-04-08	0-04-08	5.060705271910204	8.036423163146122
2024	2024-04-09	0-04-09	5.090574126660589	7.054344475996354
2024	2024-04-10	0-04-10	5.1162898733002935	6.069773923980176
2024	2024-04-11	0-04-11	5.137451349604853	7.082470809762912
2024	2024-04-12	0-04-12	5.15214420694431	9.091286524166586
2024	2024-04-13	0-04-13	5.162993655905195	4.097796193543116
2024	2024-04-14	0-04-14	5.1680972678115555	5.100858360686933
2024	2024-04-15	0-04-15	5.167164435497556	5.100298661298533
2024	2024-04-16	0-04-16	5.160041519092661	6.096024911455597
2024	2024-04-17	0-04-17	5.146712015684649	8.08802720941079
2024	2024-04-18	0-04-18	5.127296559319622	5.076377935591774
2024	2024-04-19	0-04-19	5.103566107407493	5.062139664444496
2024	2024-04-20	0-04-20	5.072889195100004	5.0437335170600015
2024	2024-04-21	0-04-21	5.0372991337697	9.02237948026182
2024	2024-04-22	0-04-22	4.997354550237324	4.998412730142395
2024	2024-04-23	0-04-23	4.953614240986641	3.9721685445919848
2024	2024-04-24	0-04-24	4.906637002501416	3.9439822015008494
2024	2024-04-25	0-04-25	4.856981631265414	7.914188978759249
2024	2024-04-26	0-04-26	4.8052069237624	3.88312415425744
2024	2024-04-27	0-04-27	4.751871676476138	3.8511230058856825
2024	2024-04-28	0-04-28	4.6975346858903935	3.818520811534236
2024	2024-04-29	0-04-29	4.6427547484889296	4.785652849093358
2024	2024-04-30	0-04-30	4.5880906607555145	5.7528543964533085
2024	2024-05-01	0-05-01	4.534101219173909	4.720460731504345
2024	2024-05-02	0-05-02	4.481345220227881	5.688807132136729
2024	2024-05-03	0-05-03	4.430381460401193	7.658228876240716
2024	2024-05-04	0-05-04	4.381768736177612	5.629061241706568
2024	2024-05-05	0-05-05	4.336065844040901	2.60163950642454
2024	2024-05-06	0-05-06	4.293831580474824	4.576298948284894
2024	2024-05-07	0-05-07	4.255624741963149	7.553374845177889
2024	2024-05-08	0-05-08	4.2220041249896365	5.533202474993782
2024	2024-05-09	0-05-09	4.1935285260380555	4.5161171156228335
2024	2024-05-10	0-05-10	4.170756741592168	3.502454044955301
2024	2024-05-11	0-05-11	4.154247568135741	3.4925485408814447
2024	2024-05-12	0-05-12	4.154310563353457	2.492586338012074
2024	2024-05-13	0-05-13	4.152003001327242	4.491201800796345
2024	2024-05-14	0-05-14	4.157634439741779	6.494580663845067
2024	2024-05-15	0-05-15	4.171759034069044	3.5030554204414264
2024	2024-05-16	0-05-16	4.194838026058027	2.5169028156348157
2024	2024-05-17	0-05-17	4.2271606555731625	4.536296393343897
2024	2024-05-18	0-05-18	4.26884136344612	3.561304818067672
2024	2024-05-19	0-05-19	4.31006903027487	4.586041418164922
2024	2024-05-20	0-05-20	4.3701100212273785	7.622066012736427
2024	2024-05-21	0-05-21	4.438803618836072	3.6632821713016432
2024	2024-05-22	0-05-22	4.515569708813318	3.709341825287991
2024	2024-05-23	0-05-23	4.599746291561695	6.759847774937017
2024	2024-05-24	0-05-24	4.690668570335563	2.814401142201338
2024	2024-05-25	0-05-25	4.7876717483892826	2.8726030490335694
2024	2024-05-26	0-05-26	4.89009102897721	5.934054617386326
2024	2024-05-27	0-05-27	4.997261615353706	3.998356969212224
2024	2024-05-28	0-05-28	5.108518710773123	5.065111226463873
2024	2024-05-29	0-05-29	5.223197518489827	6.133918511093896
2024	2024-05-30	0-05-30	5.340633241758174	4.204379945054905
2024	2024-05-31	0-05-31	5.460161083832523	5.276096650299515
2024	2024-06-01	0-06-01	5.581116247967232	6.348669748780339
2024	2024-06-02	0-06-02	5.702833937416658	5.421700362449995
2024	2024-06-03	0-06-03	5.824649355435161	4.494789613261096
2024	2024-06-04	0-06-04	5.945897705277103	7.567538623166262
2024	2024-06-05	0-06-05	6.065914190196839	3.639548514118103
2024	2024-06-06	0-06-06	6.184034013448728	3.7104204080692367
2024	2024-06-07	0-06-07	6.2995923782871275	4.779755426972276
2024	2024-06-08	0-06-08	6.411924487966397	6.847154692779839
2024	2024-06-09	0-06-09	6.520365545740899	7.912219327444539
2024	2024-06-10	0-06-10	6.6242507548649865	5.974550452918992
2024	2024-06-11	0-06-11	6.72291531859302	6.033749191155811
2024	2024-06-12	0-06-12	6.842188778181379	5.105313266908827
2024	2024-06-13	0-06-13	6.928417660880381	6.1570505965282285
2024	2024-06-14	0-06-14	7.007431507946407	7.204458904767844
2024	2024-06-15	0-06-15	7.078565522633814	8.247139313580288
2024	2024-06-16	0-06-16	7.141155272647825	7.2846931635886945
2024	2024-06-17	0-06-17	7.194586964926731	5.316752178956039
2024	2024-06-18	0-06-18	7.238398598664786	5.343039159198872
2024	2024-06-19	0-06-19	7.245797754759987	10.347478652855992
2024	2024-06-20	0-06-20	7.269638947822168	8.3617833686933
2024	2024-06-21	0-06-21	7.28345759816087	6.370074558896522
2024	2024-06-22	0-06-22	7.287447383793426	7.372468430276055
2024	2024-06-23	0-06-23	7.281965537992076	8.369179322795246
2024	2024-06-24	0-06-24	7.26748257450176	5.360489544701056
2024	2024-06-25	0-06-25	7.244481134517232	9.34668868071034
2024	2024-06-26	0-06-26	7.213443859233251	6.32806631553995
2024	2024-06-27	0-06-27	7.174853389844566	10.30491203390674
2024	2024-06-28	0-06-28	7.129192367545933	8.27751542052756
2024	2024-06-29	0-06-29	7.076943433532107	8.246166060119265
2024	2024-06-30	0-06-30	7.018589228997845	8.211153537398706
2024	2024-07-01	0-07-01	6.954612395137899	4.172767437082739
2024	2024-07-02	0-07-02	6.885495573147026	7.131297343888216
2024	2024-07-03	0-07-03	6.811721404219978	8.087032842531986
2024	2024-07-04	0-07-04	6.733772529551509	6.040263517730906
2024	2024-07-05	0-07-05	6.652131590336378	8.991278954201826
2024	2024-07-06	0-07-06	6.567281227769338	6.940368736661602
2024	2024-07-07	0-07-07	6.479704083045142	8.887822449827086
2024	2024-07-08	0-07-08	6.389882797358545	4.833929678415126
2024	2024-07-09	0-07-09	6.298300011904302	7.7789800071425805
2024	2024-07-10	0-07-10	6.205438367877167	7.7232630207263
2024	2024-07-11	0-07-11	6.111780506471899	7.6670683038831395
2024	2024-07-12	0-07-12	5.954967778244981	5.572980666946989
2024	2024-07-13	0-07-13	5.861165405667701	8.51669924340062
2024	2024-07-14	0-07-14	5.76801473929655	4.460808843577929
2024	2024-07-15	0-07-15	5.67599842032628	5.405599052195768
2024	2024-07-16	0-07-16	5.58559908995165	7.351359453970989
2024	2024-07-17	0-07-17	5.497299389367409	3.2983796336204456
2024	2024-07-18	0-07-18	5.411573116463804	4.246943869878282
2024	2024-07-19	0-07-19	5.3916883106974165	3.23501298641845
2024	2024-07-20	0-07-20	5.312331775159301	3.18739906509558
2024	2024-07-21	0-07-21	5.236656820242886	4.1419940921457314
2024	2024-07-22	0-07-22	5.164918101090933	7.0989508606545595
2024	2024-07-23	0-07-23	5.097312908233785	4.058387744940271
2024	2024-07-24	0-07-24	5.033981167589375	4.0203887005536245
2024	2024-07-25	0-07-25	4.975014283767741	3.9850085702606446
2024	2024-07-26	0-07-26	4.920493345838424	3.952296007503054
2024	2024-07-27	0-07-27	4.870499442709298	2.922299665625579
2024	2024-07-28	0-07-28	4.825113663288237	4.895068197972942
2024	2024-07-29	0-07-29	4.7844170964831125	2.870650257889867
2024	2024-07-30	0-07-30	4.748490831201798	4.849094498721079
2024	2024-07-31	0-07-31	4.717415956352167	2.8304495738113005
2024	2024-08-01	0-08-01	4.691273560842092	5.814764136505255
2024	2024-08-02	0-08-02	4.670144733579443	3.8020868401476657
2024	2024-08-03	0-08-03	4.654110563472097	3.792466338083258
2024	2024-08-04	0-08-04	4.643252139427925	2.785951283656755
2024	2024-08-05	0-08-05	4.637650550354799	4.782590330212879
2024	2024-08-06	0-08-06	4.637386885160593	3.782432131096356
2024	2024-08-07	0-08-07	4.64254223275318	7.785525339651908
2024	2024-08-08	0-08-08	4.653197682040432	4.791918609224259
2024	2024-08-09	0-08-09	4.66943432193022	2.801660593158132
2024	2024-08-10	0-08-10	4.691333241330421	6.814799944798253
2024	2024-08-11	0-08-11	4.718975529148905	3.8313853174893424
2024	2024-08-12	0-08-12	4.8184251222767225	6.891055073366033
2024	2024-08-13	0-08-13	4.857797413655392	4.914678448193236
2024	2024-08-14	0-08-14	4.903156340175965	6.941893804105579
2024	2024-08-15	0-08-15	4.954582990746311	4.972749794447786
2024	2024-08-16	0-08-16	5.012158454274307	8.007295072564585
2024	2024-08-17	0-08-17	5.075963819667823	5.045578291800694
2024	2024-08-18	0-08-18	5.146080175834732	6.08764810550084
2024	2024-08-19	0-08-19	5.156600739658768	5.093960443795261
2024	2024-08-20	0-08-20	5.239504419957804	8.143702651974682
2024	2024-08-21	0-08-21	5.328721693147605	5.197233015888562
2024	2024-08-22	0-08-22	5.424065390003673	7.254439234002204
2024	2024-08-23	0-08-23	5.525247847678079	5.315148708606847
2024	2024-08-24	0-08-24	5.631880909699456	8.379128545819674
2024	2024-08-25	0-08-25	5.743475925973013	5.446085555583808
2024	2024-08-26	0-08-26	5.859448776821482	3.5156692660928894
2024	2024-08-27	0-08-27	5.97917770095955	4.58750662057573
2024	2024-08-28	0-08-28	6.102040331931052	4.661224199158632
2024	2024-08-29	0-08-29	6.227414303279828	7.736448581967897
2024	2024-08-30	0-08-30	6.354677248549718	3.812806349129831
2024	2024-08-31	0-08-31	6.4832068012845605	4.8899240807707365
2024	2024-09-01	0-09-01	6.612380595028192	8.967428357016916
2024	2024-09-02	0-09-02	6.741576263324449	6.044945757994669
2024	2024-09-03	0-09-03	6.87017143971717	6.1221028638303014
2024	2024-09-04	0-09-04	6.997543757750198	6.198526254650119
2024	2024-09-05	0-09-05	7.123070850967367	13.27384251058042
2024	2024-09-06	0-09-06	7.246130352912516	11.34767821174751
2024	2024-09-07	0-09-07	7.366099897129481	5.419659938277689
2024	2024-09-08	0-09-08	7.482357117162103	6.489414270297262
2024	2024-09-09	0-09-09	7.594279646554219	8.556567787932531
2024	2024-09-10	0-09-10	7.70124511884967	7.620747071309802
2024	2024-09-11	0-09-11	7.802631167592289	6.681578700555374
2024	2024-09-12	0-09-12	7.929719982979663	7.757831989787798
2024	2024-09-13	0-09-13	8.018080085248137	10.810848051148882
2024	2024-09-14	0-09-14	8.098993664595298	8.859396198757178
2024	2024-09-15	0-09-15	8.171838354564983	9.90310301273899
2024	2024-09-16	0-09-16	8.235991788701028	7.941595073220617
2024	2024-09-17	0-09-17	8.290831600547273	6.974498960328363
2024	2024-09-18	0-09-18	8.335735423647556	5.001441254188533
2024	2024-09-19	0-09-19	8.338176334891969	9.002905800935181
2024	2024-09-20	0-09-20	8.361342493700638	9.016805496220382
2024	2024-09-21	0-09-21	8.372778265696258	7.0236669594177545
2024	2024-09-22	0-09-22	8.372100130819913	10.023260078491948
2024	2024-09-23	0-09-23	8.359099615206011	5.0154597691236065
2024	2024-09-24	0-09-24	8.33374329118228	7.000245974709368
2024	2024-09-25	0-09-25	8.296172777269756	6.977703666361854
2024	2024-09-26	0-09-26	8.246704738182812	8.948022842909687
2024	2024-09-27	0-09-27	8.185829472260327	8.911497683356195
2024	2024-09-28	0-09-28	8.114142447870705	6.868485468722422
2024	2024-09-29	0-09-29	8.032246621911012	8.819347973146607
2024	2024-09-30	0-09-30	7.940744951278323	8.764446970766993
2024	2024-10-01	0-10-01	7.840240392869706	5.704144235721824
2024	2024-10-02	0-10-02	7.731335903582235	8.638801542149341
2024	2024-10-03	0-10-03	7.6146344403129795	10.568780664187788
2024	2024-10-04	0-10-04	7.490738959959006	7.494443375975403
2024	2024-10-05	0-10-05	7.360252419417389	7.416151451650434
2024	2024-10-06	0-10-06	7.223777775585199	6.3342666653511195
2024	2024-10-07	0-10-07	7.081917985359507	9.249150791215705
2024	2024-10-08	0-10-08	6.935276005637381	9.161165603382427
2024	2024-10-09	0-10-09	6.784454793315891	10.070672875989535
2024	2024-10-10	0-10-10	6.630057305292109	9.978034383175263
2024	2024-10-11	0-10-11	6.472686498463107	7.883611899077864
2024	2024-10-12	0-10-12	6.112416444995906	4.6674498669975435
2024	2024-10-13	0-10-13	5.950907871247671	5.570544722748602
2024	2024-10-14	0-10-14	5.788234849385428	6.472940909631257
2024	2024-10-15	0-10-15	5.625000336306244	5.375000201783747
2024	2024-10-16	0-10-16	5.461807288907195	6.277084373344318
2024	2024-10-17	0-10-17	5.299258664085348	5.179555198451208
2024	2024-10-18	0-10-18	5.137957418737771	3.0827744512426625
2024	2024-10-19	0-10-19	5.179035394491586	6.107421236694952
2024	2024-10-20	0-10-20	5.022037778783765	5.013222667270259
2024	2024-10-21	0-10-21	4.868096410423547	4.920857846254128
2024	2024-10-22	0-10-22	4.71781066423794	4.830686398542764
2024	2024-10-23	0-10-23	4.571765759863444	3.7430594559180665
2024	2024-10-24	0-10-24	4.430530816198628	2.6583184897191767
2024	2024-10-25	0-10-25	4.294658851404138	3.576795310842483
2024	2024-10-26	0-10-26	4.164686782902687	5.4988120697416125
2024	2024-10-27	0-10-27	4.041135427379061	2.4246812564274363
2024	2024-10-28	0-10-28	3.9245095035979976	3.3547057021587987
2024	2024-10-29	0-10-29	3.815301208838487	6.289180725303092
2024	2024-10-30	0-10-30	3.714000794832102	2.228400476899261
2024	2024-10-31	0-10-31	3.621098513310415	4.172659107986249
2024	2024-11-01	0-11-01	3.5370846160050005	3.122250769603
2024	2024-11-02	0-11-02	3.4624493546474264	4.077469612788455
2024	2024-11-03	0-11-03	3.39768298096927	2.038609788581562
2024	2024-11-04	0-11-04	3.3432757467021013	5.005965448021261
2024	2024-11-05	0-11-05	3.2997179035774966	4.979830742146498
2024	2024-11-06	0-11-06	3.2674997033270254	2.960499821996215
2024	2024-11-07	0-11-07	3.247111397682261	2.9482668386093565
2024	2024-11-08	0-11-08	3.2390432383747783	1.9434259430248668
2024	2024-11-09	0-11-09	3.2437854771361483	1.9462712862816889
2024	2024-11-10	0-11-10	3.2618283656979448	1.957097019418767
2024	2024-11-11	0-11-11	3.293662155791739	2.9761972934750434
2024	2024-11-12	0-11-12	3.615203214042207	3.169121928425324
2024	2024-11-13	0-11-13	3.6760895623947176	3.2056537374368306
2024	2024-11-14	0-11-14	3.7522375674739448	2.2513425404843668
2024	2024-11-15	0-11-15	3.8441374810114617	5.306482488606877
2024	2024-11-16	0-11-16	3.9522795547388414	4.3713677328433045
2024	2024-11-17	0-11-17	4.077154040387659	2.4462924242325954
2024	2024-11-18	0-11-18	4.219251189689484	2.5315507138136906
2024	2024-11-19	0-11-19	4.103635139482789	4.462181083689673
2024	2024-11-20	0-11-20	4.281648371285346	3.5689890227712073
2024	2024-11-21	0-11-21	4.478355021935635	7.687013013161381
2024	2024-11-22	0-11-22	4.694245343165223	5.816547205899134
2024	2024-11-23	0-11-23	4.929779066606052	5.957867439963631
2024	2024-11-24	0-11-24	5.1851574464020835	3.11109446784125
2024	2024-11-25	0-11-25	5.4602201433673505	4.276132086020411
2024	2024-11-26	0-11-26	5.754444717999491	5.452666830799695
2024	2024-11-27	0-11-27	6.066946630479741	7.640167978287844
2024	2024-11-28	0-11-28	6.396479240672945	5.837887544403767
2024	2024-11-29	0-11-29	6.741433808127548	6.0448602848765285
2024	2024-11-30	0-11-30	7.0998700121752485	7.259922007305149
2024	2024-12-01	0-12-01	7.469743909319318	5.48184634559159
2024	2024-12-02	0-12-02	7.849011049076568	7.70940662944594
2024	2024-12-03	0-12-03	8.235626980963811	4.941376188578287
2024	2024-12-04	0-12-04	8.627547254497859	9.176528352698716
2024	2024-12-05	0-12-05	9.022727419195531	6.413636451517318
2024	2024-12-06	0-12-06	9.419123024573654	9.651473814744191
2024	2024-12-07	0-12-07	9.814689620149032	7.888813772089419
2024	2024-12-08	0-12-08	10.20738275543848	12.124429653263087
2024	2024-12-09	0-12-09	10.59515797995881	10.357094787975283
2024	2024-12-10	0-12-10	10.975970843226843	13.585582505936106
2024	2024-12-11	0-12-11	11.3477768947594	7.80866613685564
2024	2024-12-12	0-12-12	11.96036077524863	13.176216465149178
2024	2024-12-13	0-12-13	12.308019851860667	9.3848119111164
2024	2024-12-14	0-12-14	12.640538765287664	12.584323259172598
2024	2024-12-15	0-12-15	12.955873065046438	12.773523839027863
2024	2024-12-16	0-12-16	13.251978300653814	11.951186980392288
2024	2024-12-17	0-12-17	13.526810021626602	12.11608601297596
2024	2024-12-18	0-12-18	13.778323777481612	12.266994266488966
2024	2024-12-19	0-12-19	13.75264602656032	15.251587615936192
2024	2024-12-20	0-12-20	13.951390500730223	12.370834300438132
2024	2024-12-21	0-12-21	14.120683658332808	11.472410194999686
2024	2024-12-22	0-12-22	14.258481048884873	16.555088629330925
2024	2024-12-23	0-12-23	14.36273822190324	11.617642933141944
2024	2024-12-24	0-12-24	14.431426358745782	11.658855815247469
2024	2024-12-25	0-12-25	14.462840470262774	16.677704282157663
2024	2024-12-26	0-12-26	14.455881515251727	18.67352890915104
2024	2024-12-27	0-12-27	14.410066803674404	15.646040082204642
2024	2024-12-28	0-12-28	14.325529996656831	13.595317997994098
2024	2024-12-29	0-12-29	14.203021106489286	11.521812663893572
2024	2024-12-30	0-12-30	14.043906496626292	21.426343897975777
2024	2024-12-31	0-12-31	13.850153249845585	10.310091949907353
2025	2025-01-01	0-01-01	13.624020970596748	15.174412582358048
2025	2025-01-02	0-01-02	13.367779666546388	19.020667799927832
2025	2025-01-03	0-01-03	13.083699345361108	13.850219607216664
2025	2025-01-04	0-01-04	12.774050014707502	10.6644300088245
2025	2025-01-05	0-01-05	12.441101682252178	12.464661009351309
2025	2025-01-06	0-01-06	12.087124355661736	10.25227461339704
2025	2025-01-07	0-01-07	11.714388042602792	8.028632825561676
2025	2025-01-08	0-01-08	11.325162750741937	12.79509765044516
2025	2025-01-09	0-01-09	10.921718487745764	12.553031092647458
2025	2025-01-10	0-01-10	10.506325261280892	12.303795156768537
2025	2025-01-11	0-01-11	10.081253079013916	13.048751847408347
2025	2025-01-12	0-01-12	8.966134621987262	11.379680773192357
2025	2025-01-13	0-01-13	8.528514551115897	6.117108730669538
2025	2025-01-14	0-01-14	8.088025547442232	6.852815328465339
2025	2025-01-15	0-01-15	7.646937618632873	4.588162571179724
2025	2025-01-16	0-01-16	7.207520772354428	7.324512463412656
2025	2025-01-17	0-01-17	6.772045016273504	5.063227009764102
2025	2025-01-18	0-01-18	6.342780358056696	6.805668214834017
2025	2025-01-19	0-01-19	6.604634131994786	4.962780479196871
2025	2025-01-20	0-01-20	6.194601692506013	6.716761015503607
2025	2025-01-21	0-01-21	5.797590373881166	6.478554224328699
2025	2025-01-22	0-01-22	5.4158701837868515	8.24952211027211
2025	2025-01-23	0-01-23	5.051711129889669	6.031026677933801
2025	2025-01-24	0-01-24	4.7073832198562116	2.824429931913727
2025	2025-01-25	0-01-25	4.385155444327362	3.631093266596417
2025	2025-01-26	0-01-26	4.087142555495712	2.452285533297427
2025	2025-01-27	0-01-27	3.814989703990274	3.288993822394164
2025	2025-01-28	0-01-28	3.569833593694342	2.141900156216605
2025	2025-01-29	0-01-29	3.3523024817454967	6.011381489047298
2025	2025-01-30	0-01-30	3.16251617853562	3.897509707121372
2025	2025-01-31	0-01-31	3.000086047710875	4.800051628626525
2025	2025-02-01	0-02-01	2.8641160231974423	3.718469613918465
2025	2025-02-02	0-02-02	2.7533558306240713	1.6520134983744428
2025	2025-02-03	0-02-03	2.6665163504373837	1.59990981026243
2025	2025-02-04	0-02-04	2.6023084630840048	1.5613850778504028
2025	2025-02-05	0-02-05	2.559443049010559	4.5356658294063354
2025	2025-02-06	0-02-06	2.536630988663669	3.5219785931982015
2025	2025-02-07	0-02-07	2.5325831624899564	2.519549897493974
2025	2025-02-08	0-02-08	2.5460104509360484	2.5276062705616287
2025	2025-02-09	0-02-09	2.5756237344485653	2.545374240669139
2025	2025-02-10	0-02-10	2.620133893474131	5.572080336084479
2025	2025-02-11	0-02-11	2.6782518084593696	2.6069510850756217
2025	2025-02-12	0-02-12	2.9749087779518595	6.784945266771116
2025	2025-02-13	0-02-13	3.0563748461963143	2.8338249077177884
2025	2025-02-14	0-02-14	3.1475813117403124	5.888548787044187
2025	2025-02-15	0-02-15	3.2472390550304757	3.9483434330182856
2025	2025-02-16	0-02-16	3.3540589565134287	3.0124353739080574
2025	2025-02-17	0-02-17	3.4667518966357966	4.080051137981478
2025	2025-02-18	0-02-18	3.584028755844201	4.150417253506521
2025	2025-02-19	0-02-19	3.478379996484311	2.0870279978905866
2025	2025-02-20	0-02-20	3.6009573352046567	5.160574401122794
2025	2025-02-21	0-02-21	3.72425123435091	4.234550740610546
2025	2025-02-22	0-02-22	3.846972574369695	3.3081835446218166
2025	2025-02-23	0-02-23	3.967832235707634	3.38069934142458
2025	2025-02-24	0-02-24	4.08554109881135	4.45132465928681
2025	2025-02-25	0-02-25	4.198810044127465	3.519286026476479
2025	2025-02-26	0-02-26	4.306349952102605	3.5838099712615628
2025	2025-02-27	0-02-27	4.406906836574131	4.6441441019444785
2025	2025-02-28	0-02-28	4.4994384879224025	2.6996630927534415
2025	2025-03-01	0-03-01	4.583169867280512	3.7499019203683073
2025	2025-03-02	0-03-02	4.657593126063637	2.7945558756381823
2025	2025-03-03	0-03-03	4.722467605969039	3.833480563581423
2025	2025-03-04	0-03-04	4.777819838976063	3.8666919033856377
2025	2025-03-05	0-03-05	4.823943547346134	4.89436612840768
2025	2025-03-06	0-03-06	4.861364510232021	3.916818706139213
2025	2025-03-07	0-03-07	4.890663920525583	3.9343983523153496
2025	2025-03-08	0-03-08	4.912422990648021	6.947453794388812
2025	2025-03-09	0-03-09	4.9272229330205395	2.9563337598123236
2025	2025-03-10	0-03-10	4.9356449600643435	7.961386976038606
2025	2025-03-11	0-03-11	4.938270284200634	5.96296217052038
2025	2025-03-12	0-03-12	4.895734879270108	3.937440927562065
2025	2025-03-13	0-03-13	4.888510434854981	7.9331062609129885
2025	2025-03-14	0-03-14	4.877232924795951	4.926339754877571
2025	2025-03-15	0-03-15	4.862483561514219	3.917490136908531
2025	2025-03-16	0-03-16	4.844843557430991	3.9069061344585942
2025	2025-03-17	0-03-17	4.824894124967469	5.894936474980481
2025	2025-03-18	0-03-18	4.803216476544855	7.881929885926913
2025	2025-03-19	0-03-19	4.8203370631648585	5.892202237898915
2025	2025-03-20	0-03-20	4.796946620087673	2.8781679720526037
2025	2025-03-21	0-03-21	4.773571598315005	5.864142958989003
2025	2025-03-22	0-03-22	4.750793210268059	2.850475926160835
2025	2025-03-23	0-03-23	4.729192668368038	2.8375156010208222
2025	2025-03-24	0-03-24	4.709351185036144	5.825610711021686
2025	2025-03-25	0-03-25	4.691849972693582	5.815109983616149
2025	2025-03-26	0-03-26	4.677270243761553	3.806362146256932
2025	2025-03-27	0-03-27	4.6661932106612625	4.7997159263967575
2025	2025-03-28	0-03-28	4.659190371437493	2.7955142228624954
2025	2025-03-29	0-03-29	4.656737642747556	4.794042585648533
2025	2025-03-30	0-03-30	4.659170583402341	4.795502350041405
2025	2025-03-31	0-03-31	4.666684007144243	2.8000104042865455
2025	2025-04-01	0-04-01	4.679331982647156	4.807599189588293
2025	2025-04-02	0-04-02	4.697027833516479	4.818216700109888
2025	2025-04-03	0-04-03	4.719544138289116	4.83172648297347
2025	2025-04-04	0-04-04	4.746522444809889	3.8479134668859336
2025	2025-04-05	0-04-05	4.777559137242598	8.866535482345558
2025	2025-04-06	0-04-06	4.812250212528968	3.887350127517381
2025	2025-04-07	0-04-07	4.850191667610723	4.910115000566433
2025	2025-04-08	0-04-08	4.890979499429585	5.934587699657751
2025	2025-04-09	0-04-09	4.93420970492728	3.960525822956368
2025	2025-04-10	0-04-10	4.97947828104553	2.987686968627318
2025	2025-04-11	0-04-11	5.026381224726059	9.015828734835637
2025	2025-04-12	0-04-12	5.138518998009906	4.0831113988059435
2025	2025-04-13	0-04-13	5.187478667640168	5.1124872005841
2025	2025-04-14	0-04-14	5.23686069565788	5.142116417394728
2025	2025-04-15	0-04-15	5.286261079004769	4.1717566474028605
2025	2025-04-16	0-04-16	5.335275814622556	4.201165488773533
2025	2025-04-17	0-04-17	5.383500899452967	6.2301005396717795
2025	2025-04-18	0-04-18	5.430532330437725	6.258319398262635
2025	2025-04-19	0-04-19	5.411961639419243	6.247176983651546
2025	2025-04-20	0-04-20	5.455393753537866	6.27323625212272
2025	2025-04-21	0-04-21	5.496420204636009	5.297852122781606
2025	2025-04-22	0-04-22	5.534636989655395	5.320782193793237
2025	2025-04-23	0-04-23	5.569640105537747	4.341784063322648
2025	2025-04-24	0-04-24	5.60102554922479	9.360615329534872
2025	2025-04-25	0-04-25	5.628389317658248	6.377033590594948
2025	2025-04-26	0-04-26	5.651327407779843	5.390796444667906
2025	2025-04-27	0-04-27	5.6694358165313	4.40166148991878
2025	2025-04-28	0-04-28	5.6823105408543455	3.409386324512607
2025	2025-04-29	0-04-29	5.689549544673584	5.41372972680415
2025	2025-04-30	0-04-30	5.690813693068684	3.41448821584121
2025	2025-05-01	0-05-01	5.685897938293622	4.411538762976173
2025	2025-05-02	0-05-02	5.674735352683729	3.4048412116102376
2025	2025-05-03	0-05-03	5.6573971286556874	7.394438277193412
2025	2025-05-04	0-05-04	5.6340925787075316	7.38045554722452
2025	2025-05-05	0-05-05	5.6051691354186435	6.363101481251186
2025	2025-05-06	0-05-06	5.571110384466875	5.342666230680125
2025	2025-05-07	0-05-07	5.532475130456376	7.319485078273825
2025	2025-05-08	0-05-08	5.489826210898328	4.293895726538997
2025	2025-05-09	0-05-09	5.443726463303918	5.26623587798235
2025	2025-05-10	0-05-10	5.394738725184329	4.236843235110597
2025	2025-05-11	0-05-11	5.343425834050745	5.2060555004304465
2025	2025-05-12	0-05-12	5.23134400383628	7.138806402301768
2025	2025-05-13	0-05-13	5.177069319208263	7.106241591524958
2025	2025-05-14	0-05-14	5.122157994099805	3.0732947964598827
2025	2025-05-15	0-05-15	5.0671728660220925	6.040303719613256
2025	2025-05-16	0-05-16	5.012676772486309	3.007606063491785
2025	2025-05-17	0-05-17	4.959232551003638	4.975539530602183
2025	2025-05-18	0-05-18	4.907403039085267	4.94444182345116
2025	2025-05-19	0-05-19	4.916757697820451	5.9500546186922705
2025	2025-05-20	0-05-20	4.869846117564231	4.9219076705385385
2025	2025-05-21	0-05-21	4.826237759405863	4.895742655643518
2025	2025-05-22	0-05-22	4.786495460856534	3.87189727651392
2025	2025-05-23	0-05-23	4.751182059427425	3.8507092356564545
2025	2025-05-24	0-05-24	4.720860392629723	3.8325162355778337
2025	2025-05-25	0-05-25	4.696093297974612	3.8176559787847673
2025	2025-05-26	0-05-26	4.677443612973277	3.8064661677839657
2025	2025-05-27	0-05-27	4.665474175136903	5.7992845050821415
2025	2025-05-28	0-05-28	4.660747821976674	4.796448693186004
2025	2025-05-29	0-05-29	4.663827391003774	5.798296434602264
2025	2025-05-30	0-05-30	4.675275554250582	3.8051653325503496
2025	2025-05-31	0-05-31	4.695607252733219	5.817364351639931
2025	2025-06-01	0-06-01	4.72517666518858	5.835105999113148
2025	2025-06-02	0-06-02	4.76416078321655	4.85849646992993
2025	2025-06-03	0-06-03	4.812559411279999	3.887535646767999
2025	2025-06-04	0-06-04	4.870195166704781	4.922117100022868
2025	2025-06-05	0-06-05	4.9367134796797405	5.962028087807845
2025	2025-06-06	0-06-06	5.011582758735508	3.006949655241305
2025	2025-06-07	0-06-07	5.094141956281961	5.056485173769176
2025	2025-06-08	0-06-08	5.183713599871188	6.110228159922713
2025	2025-06-09	0-06-09	5.279620217055275	4.167772130233164
2025	2025-06-10	0-06-10	5.381184335386303	5.228710601231782
2025	2025-06-11	0-06-11	5.487728482416362	4.292637089449817
2025	2025-06-12	0-06-12	5.856810933303931	6.514086559982358
2025	2025-06-13	0-06-13	5.971282720388302	5.582769632232981
2025	2025-06-14	0-06-14	6.088702118827962	5.653221271296777
2025	2025-06-15	0-06-15	6.208391656174992	3.725034993704995
2025	2025-06-16	0-06-16	6.329673859981478	5.797804315988886
2025	2025-06-17	0-06-17	6.451871257799505	4.871122754679703
2025	2025-06-18	0-06-18	6.574306377181159	4.944583826308696
2025	2025-06-19	0-06-19	6.43806599807213	4.862839598843278
2025	2025-06-20	0-06-20	6.558944143237296	8.935366485942378
2025	2025-06-21	0-06-21	6.678027592622348	4.006816555573408
2025	2025-06-22	0-06-22	6.794638873779365	5.076783324267619
2025	2025-06-23	0-06-23	6.908100514260439	6.144860308556263
2025	2025-06-24	0-06-24	7.017735041617654	6.210641024970593
2025	2025-06-25	0-06-25	7.122864983403095	9.273718990041855
2025	2025-06-26	0-06-26	7.222812867168847	7.333687720301308
2025	2025-06-27	0-06-27	7.316901220466995	10.390140732280198
2025	2025-06-28	0-06-28	7.404452570849623	6.442671542509773
2025	2025-06-29	0-06-29	7.484789445868821	5.490873667521292
2025	2025-06-30	0-06-30	7.557234373076673	5.534340623846004
2025	2025-07-01	0-07-01	7.621109880025262	9.572665928015155
2025	2025-07-02	0-07-02	7.675757624565645	7.605454574739387
2025	2025-07-03	0-07-03	7.72065090745954	5.632390544475724
2025	2025-07-04	0-07-04	7.755435670380024	5.653261402228014
2025	2025-07-05	0-07-05	7.779930555303816	8.66795833318229
2025	2025-07-06	0-07-06	7.794126904511278	7.6764761427067665
2025	2025-07-07	0-07-07	7.798188760586413	5.678913256351848
2025	2025-07-08	0-07-08	7.792452866416871	4.6754717198501226
2025	2025-07-09	0-07-09	7.777409534894974	7.666445720936984
2025	2025-07-10	0-07-10	7.753590136306021	8.652154081783612
2025	2025-07-11	0-07-11	7.721526100327602	4.632915660196561
2025	2025-07-12	0-07-12	7.433618791670354	7.460171275002212
2025	2025-07-13	0-07-13	7.386659769945758	8.431995861967454
2025	2025-07-14	0-07-14	7.333050399864454	7.399830239918672
2025	2025-07-15	0-07-15	7.273322111104027	7.363993266662416
2025	2025-07-16	0-07-16	7.208006333342066	8.32480380000524
2025	2025-07-17	0-07-17	7.137634496256156	8.282580697753694
2025	2025-07-18	0-07-18	7.062738029523884	6.23764281771433
2025	2025-07-19	0-07-19	7.231978427789783	5.33918705667387
2025	2025-07-20	0-07-20	7.149626990797546	6.289776194478527
2025	2025-07-21	0-07-21	7.064345213191708	5.238607127915024
2025	2025-07-22	0-07-22	6.976664524649855	7.185998714789912
2025	2025-07-23	0-07-23	6.887116354849572	4.132269812909743
2025	2025-07-24	0-07-24	6.796232133468446	7.077739280081067
2025	2025-07-25	0-07-25	6.704543290184063	10.022725974110438
2025	2025-07-26	0-07-26	6.612581254674012	6.967548752804407
2025	2025-07-27	0-07-27	6.52087745661588	8.912526473969528
2025	2025-07-28	0-07-28	6.4299633256872495	7.85797799541235
2025	2025-07-29	0-07-29	6.340370291565709	5.804222174939426
2025	2025-07-30	0-07-30	6.252629783928846	6.751577870357307
2025	2025-07-31	0-07-31	6.167273232454248	6.700363939472549
2025	2025-08-01	0-08-01	6.0848320668195	7.6508992400917
2025	2025-08-02	0-08-02	6.00583434139233	6.603500604835398
2025	2025-08-03	0-08-03	5.9307561506405335	5.5584536903843205
2025	2025-08-04	0-08-04	5.859985186924259	3.5159911121545555
2025	2025-08-05	0-08-05	5.793819856795498	4.476291914077299
2025	2025-08-06	0-08-06	5.732469280998083	5.43948156859885
2025	2025-08-07	0-08-07	5.676053294467693	4.405631976680616
2025	2025-08-08	0-08-08	5.624602446331856	6.374761467799114
2025	2025-08-09	0-08-09	5.578061375219798	7.346836825131879
2025	2025-08-10	0-08-10	5.536337393852526	4.321802436311516
2025	2025-08-11	0-08-11	5.499336931250538	7.299602158750322
2025	2025-08-12	0-08-12	5.531251406657221	7.318750843994332
2025	2025-08-13	0-08-13	5.503417268647299	3.302050361188379
2025	2025-08-14	0-08-14	5.480025936464162	5.288015561878497
2025	2025-08-15	0-08-15	5.460983839128309	3.276590303476985
2025	2025-08-16	0-08-16	5.44619740566024	8.267718443396145
2025	2025-08-17	0-08-17	5.4355730650804555	3.261343839048273
2025	2025-08-18	0-08-18	5.429017246409455	3.257410347845673
2025	2025-08-19	0-08-19	5.36215138844485	8.21729083306691
2025	2025-08-20	0-08-20	5.36345190065292	5.218071140391752
2025	2025-08-21	0-08-21	5.368540221831273	6.221124133098764
2025	2025-08-22	0-08-22	5.37732278100041	6.226393668600245
2025	2025-08-23	0-08-23	5.389706007180832	5.233823604308499
2025	2025-08-24	0-08-24	5.405596329393039	5.243357797635824
2025	2025-08-25	0-08-25	5.424900176657531	7.254940105994519
2025	2025-08-26	0-08-26	5.447523977994808	5.268514386796885
2025	2025-08-27	0-08-27	5.473374162425369	5.284024497455221
2025	2025-08-28	0-08-28	5.5023571589697164	5.30141429538183
2025	2025-08-29	0-08-29	5.534379396648348	6.320627637989009
2025	2025-08-30	0-08-30	5.569347304481764	7.341608382689058
2025	2025-08-31	0-08-31	5.607167311490466	5.364300386894279
2025	2025-09-01	0-09-01	5.647745846694953	4.388647508016971
2025	2025-09-02	0-09-02	5.690989339115725	3.414593603469435
2025	2025-09-03	0-09-03	5.736804299145266	8.44208257948716
2025	2025-09-04	0-09-04	5.785103370438762	3.471062022263257
2025	2025-09-05	0-09-05	5.83581545290636	5.501489271743816
2025	2025-09-06	0-09-06	5.88888666647906	4.5333319998874355
2025	2025-09-07	0-09-07	5.9442803511087225	4.566568210665233
2025	2025-09-08	0-09-08	6.0019770667680685	3.6011862400608408
2025	2025-09-09	0-09-09	6.061974593450677	4.637184756070406
2025	2025-09-10	0-09-10	6.124287849799009	5.6745727098794045
2025	2025-09-11	0-09-11	6.1889428412136684	8.7133657047282
2025	2025-09-12	0-09-12	6.600835369302122	4.960501221581273
2025	2025-09-13	0-09-13	6.6702547383489845	6.002152843009391
2025	2025-09-14	0-09-14	6.742096749961722	8.045258049977033
2025	2025-09-15	0-09-15	6.81638837330685	7.089833023984109
2025	2025-09-16	0-09-16	6.893156577550883	6.13589394653053
2025	2025-09-17	0-09-17	6.972428331860333	7.183456999116199
2025	2025-09-18	0-09-18	7.054230605401715	4.232538363241028
2025	2025-09-19	0-09-19	6.793721534900598	8.07623292094036
2025	2025-09-20	0-09-20	6.880665754405394	5.128399452643237
2025	2025-09-21	0-09-21	6.970221400641668	9.182132840385
2025	2025-09-22	0-09-22	7.062415442775933	8.23744926566556
2025	2025-09-23	0-09-23	7.157274849974705	6.294364909984823
2025	2025-09-24	0-09-24	7.2548265914045	6.352895954842699
2025	2025-09-25	0-09-25	7.355097636231834	8.4130585817391
2025	2025-09-26	0-09-26	7.45811495362322	5.474868972173931
2025	2025-09-27	0-09-27	7.563905512745169	7.538343307647102
2025	2025-09-28	0-09-28	7.672496282764202	7.603497769658521
2025	2025-09-29	0-09-29	7.783914232846831	7.670348539708098
2025	2025-09-30	0-09-30	7.898186332159574	5.738911799295744
2025	2025-10-01	0-10-01	8.015339549868942	6.809203729921365
2025	2025-10-02	0-10-02	8.135400855141448	4.881240513084869
2025	2025-10-03	0-10-03	8.258397217143612	6.9550383302861665
2025	2025-10-04	0-10-04	8.384355605041947	10.030613363025168
2025	2025-10-05	0-10-05	8.51330298800297	7.107981792801782
